batch,unit,width_mm
B01,1,10.2041
B01,2,9.7444
B01,3,10.0418
B01,4,9.9432
B01,5,9.9547
B01,6,9.9784
B01,7,9.798
B01,8,9.9768
B01,9,9.9135
B01,10,10.3323
B01,11,10.0226
B01,12,9.9647
B01,13,9.9719
B01,14,9.9332
B01,15,9.8945
B01,16,9.9609
B01,17,10.0482
B01,18,9.9761
B01,19,10.0958
B01,20,9.98
B02,1,10.0024
B02,2,10.1546
B02,3,10.0545
B02,4,9.9495
B02,5,9.9817
B02,6,10.0541
B02,7,10.1935
B02,8,9.973
B02,9,9.9756
B02,10,10.1002
B02,11,9.9114
B02,12,9.9708
B02,13,10.0883
B02,14,10.058
B02,15,10.0092
B02,16,10.067
B02,17,9.7172
B02,18,10.1021
B02,19,9.904
B02,20,9.8331
B03,1,10.0276
B03,2,10.0701
B03,3,9.9555
B03,4,9.8924
B03,5,10.0026
B03,6,9.9947
B03,7,10.1406
B03,8,10.0747
B03,9,10.0194
B03,10,10.1112
B03,11,9.9794
B03,12,9.9074
B03,13,10.0584
B03,14,10.0583
B03,15,9.9785
B03,16,9.9217
B03,17,10.0229
B03,18,9.7506
B03,19,10.069
B03,20,10.0491
B04,1,9.8361
B04,2,10.0061
B04,3,9.9036
B04,4,10.0757
B04,5,9.7966
B04,6,9.9086
B04,7,10.071
B04,8,10.1156
B04,9,9.7842
B04,10,9.9502
B04,11,10.0328
B04,12,9.9391
B04,13,10.1591
B04,14,9.8809
B04,15,10.0355
B04,16,9.8952
B04,17,10.1406
B04,18,9.9978
B04,19,9.9628
B04,20,9.8282
B05,1,10.1682
B05,2,10.0753
B05,3,10.0754
B05,4,10.1138
B05,5,10.0349
B05,6,9.9361
B05,7,9.92
B05,8,9.92
B05,9,10.137
B05,10,9.854
B05,11,9.9404
B05,12,9.9679
B05,13,10.0225
B05,14,10.0575
B05,15,9.8751
B05,16,9.827
B05,17,9.9996
B05,18,10.1214
B05,19,10.0757
B05,20,10.0216
B06,1,9.9683
B06,2,10.0293
B06,3,9.9757
B06,4,10.0817
B06,5,9.9206
B06,6,10.0134
B06,7,9.9889
B06,8,10.0543
B06,9,10.0225
B06,10,10.255
B06,11,10.1499
B06,12,10.1497
B06,13,9.796
B06,14,9.966
B06,15,9.9391
B06,16,10.0533
B06,17,9.7721
B06,18,10.1174
B06,19,10.1067
B06,20,9.8698
B07,1,10.2521
B07,2,10.2699
B07,3,10.3543
B07,4,10.4141
B07,5,10.5548
B07,6,10.3303
B07,7,10.4268
B07,8,10.3655
B07,9,10.526
B07,10,10.4242
B07,11,10.4869
B07,12,10.2422
B07,13,10.3308
B07,14,10.2686
B07,15,10.5005
B07,16,10.4158
B07,17,10.3195
B07,18,10.3048
B07,19,10.3985
B07,20,10.2799
B08,1,10.2569
B08,2,10.3981
B08,3,10.5963
B08,4,10.3254
B08,5,10.2944
B08,6,10.2329
B08,7,10.2165
B08,8,10.4025
B08,9,10.4351
B08,10,10.3509
B08,11,10.3833
B08,12,10.3616
B08,13,10.3639
B08,14,10.1974
B08,15,10.3042
B08,16,10.3611
B08,17,10.2717
B08,18,10.3024
B08,19,10.2681
B08,20,10.3167
B09,1,10.0853
B09,2,9.9593
B09,3,
B09,4,10.0814
B09,5,10.0645
B09,6,10.1695
B09,7,
B09,8,10.0857
B09,9,9.9518
B09,10,10.0135
B09,11,
B09,12,10.1083
B09,13,10.1039
B09,14,10.0155
B09,15,10.161
B09,16,9.9717
B09,17,9.9859
B09,18,10.0799
B09,19,9.9449
B09,20,10.2161
B10,1,9.9617
B10,2,10.0167
B10,3,10.0735
B10,4,9.9413
B10,5,10.038
B10,6,9.9983
B10,7,10.1616
B10,8,9.9337
B10,9,10.1046
B10,10,9.9356
B10,11,9.9039
B10,12,9.929
B10,13,9.881
B10,14,10.0146
B10,15,10.1031
B10,16,10.0164
B10,17,10.0624
B10,18,10.1632
B10,19,10.027
B10,20,10.0195
